Temperature,Humidity,Frequency,CO2 Level,Sound Intensity,Hive Health
33.74540118847362,47.405317153544786,90.46822734943623,434.54059884177957,77.15987634850778,0
39.50714306409916,61.67603789513433,89.87915196287999,459.33627943827446,84.16296987899959,0
37.31993941811405,74.91783343505634,116.25018322084146,350.0935797584998,82.80482789370477,1
35.98658484197037,69.28899545638245,89.98184799398024,424.9748199213998,64.61699714081321,0
31.560186404424364,72.262445914458,90.87798904514524,414.3491966287497,64.47748409224421,0
31.559945203362027,66.35133466842869,110.37593049671855,466.5660753576542,68.0452310323474,0
30.580836121681994,67.6910625807141,97.9895936980216,481.21741209625213,70.83224179023111,0
38.66176145774935,73.96782606261277,111.06842227820725,302.4313542954774,72.25366744225448,1
36.01115011743209,49.986720354367435,82.61464630257541,434.80398381175854,80.39091650500036,0
37.08072577796045,59.576998545725615,99.50284774693537,310.3671598239458,61.700412964975065,0
30.205844942958024,48.84837767278409,81.34454400733131,409.77173301547117,61.04018112678199,0
39.699098521619945,79.50672031986588,82.50612813821418,357.52654580873565,71.75731688831726,0
38.324426408004214,77.76237358746454,116.25749813377644,361.35531990442826,80.91491076413942,0
32.12339110678276,41.57707245474023,85.56981484470381,370.5917006904713,65.80306028869448,0
31.818249672071005,68.22300690062754,101.29682729100868,424.258489809922,79.24513443768755,0
31.83404509853434,77.00993269662663,96.44382410402827,366.80999313375384,67.79484413820899,0
33.042422429595376,47.223013805093345,93.8937330503537,446.53981011805604,86.58258326440549,0
35.24756431632238,62.717809222105174,115.9933338274909,380.90547711477393,86.8706983279985,1
34.31945018642116,76.61953190352168,80.87293587101958,313.6706400619917,68.9186161284398,0
32.91229140198042,41.35783914343195,106.55158744702356,456.75196849682146,66.89981261889722,0
36.118528947223794,67.8968106898736,118.53577736854201,357.1516649185412,72.33911916198694,0
31.39493860652042,51.89396029490203,102.40672733847367,386.55337591985256,67.21594755540445,0
32.921446485352185,76.97584781506121,117.47289848132368,437.08877664438035,80.1715152987511,0
33.663618432936914,78.84232980661471,82.09031517144095,366.4912314297424,84.78194053644856,0
34.56069984217036,77.77065956453735,96.75173276296645,311.31713122934315,80.19276392733651,0
37.851759613930135,58.96856866629855,90.40631163848205,374.78420940256274,84.73051341748048,1
31.996737821583597,74.48170603957254,109.23283859922918,488.8897165388607,71.90976486622422,0
35.142344384136116,73.7819759414028,119.25188361988987,428.34687945971166,64.68950912126583,0
35.92414568862043,52.76401892973023,90.26120249776991,434.2958297334414,82.13852842192776,0
30.464504127199977,73.1566189660271,106.16698405896298,426.45643072752796,70.81423515424662,0
36.07544851901439,41.480305388619705,87.9239053103896,339.7984277918874,80.13812475687398,0
31.705241236872915,63.85079513928212,102.61321018286439,383.666772820456,68.11931825945297,0
30.650515929852794,49.200353491508125,98.55729946753345,450.1879596726636,62.43688904420018,0
39.48885537253334,44.822675431091156,118.88021318526148,320.27457951063184,89.7774538646329,0
39.656320330745594,43.078128065168364,104.34109090785867,355.57055521794246,64.68604523791798,0
38.08397348116461,67.8515510351256,93.98025488347275,355.2638216931707,89.65262981890443,1
33.046137691733705,53.59499855072265,84.56383139551734,386.4037855189012,89.31839797699342,0
30.976721140063837,68.99067086115046,86.04987314939738,496.073748188437,83.81454311724119,0
36.84233026512157,42.614253631957695,89.0126771980494,313.50050933676437,79.78268886245993,0
34.40152493739601,52.61161351322441,90.03866645361192,403.740198876119,77.33421150753254,0
31.22038234844779,61.57965169501349,114.02464231364551,335.87293640244206,85.98304636133504,0
34.9517691011127,71.62892659355855,102.448911531301,494.13530908194883,68.68318564858464,0
30.343885211152184,52.7501001172828,100.93563645497466,322.66070094549286,74.03043637454631,0
39.09320402078782,65.03565505748037,84.59075487476869,380.72020047231825,78.58169908099507,0
32.58779981600017,75.43910992944748,114.4055877339774,447.57699696692123,72.33571427608473,0
36.62522284353982,64.63452752729218,108.91257212833935,440.91088560548906,72.82459362270804,1
33.11711076089411,49.31837899014535,82.70673447600007,384.54572737878647,69.90854002506254,0
35.200680211778106,40.97603126226152,108.31340388919074,369.30483359054364,76.92695450053608,0
35.467102793432794,74.80395495603719,101.74152869370585,379.5224757105741,85.51723584045348,1
31.84854455525527,40.850776434015486,83.26901382987113,352.85525263172786,66.04585134018939,0
39.695846277645586,74.98806690736798,98.33202566114626,341.06658774135997,88.03299116260324,1
37.75132823361115,61.157485361088476,99.38785148520188,396.607939511778,80.67262961244688,1
39.39498941564189,77.56270794051585,86.63098160653104,353.70675121352144,84.6981963804009,0
38.948273504276486,71.95132943094661,117.82792588001129,357.49233297945,76.68572077890035,1
35.978999788110855,79.9173644213335,113.99901485922648,431.3512126949114,83.3855010427219,1
39.21874235023117,54.028472618068406,106.76089349316433,493.70746633997845,60.48601192018402,0
30.884925020519194,70.68753155724508,98.4918224400243,420.727440111875,84.55141274338605,0
31.959828624191452,56.07723654436968,96.47062166338034,315.39589341299325,61.204165772561,0
30.45227288910538,59.195024812156355,106.03893868603816,315.1167227708134,86.69740129088588,0
33.25330330763264,65.1002185287348,101.81727477627622,490.2846441691132,89.7588824171593,0
33.88677289689482,74.94708456745354,82.49092423527543,359.45815806146675,68.82202386530334,0
32.71349031773896,79.36333876797181,100.50010595081326,318.41339721649507,66.3095566885738,0
38.287375091519294,70.73093655458072,112.25614468931357,419.8089174300763,82.96090091574122,1
33.5675332669359,56.710671286693355,98.36959510387832,424.72975565805325,67.5907902276076,0
32.809345096873805,56.854280091082806,82.07826310217074,429.70096402373764,85.9668714951661,0
35.426960831582484,69.50329206355566,111.45112797536132,353.48040557150824,63.0852777647243,0
31.409242249747628,49.55108583073209,88.05455128543898,303.022136842895,63.77865589138075,0
38.0219698075404,44.41896452525579,90.34483339552155,493.00307389089437,89.37454665301847,0
30.745506436797708,54.18488630563106,86.58825413729184,350.1786091382205,80.21516694810015,0
39.86886936600517,51.489559666163274,93.2086025948599,435.20525761050953,85.40661673286859,0
37.722447692966576,51.8523248182396,110.2700602275454,441.32597397574193,69.72988132054554,0
31.987156815341724,49.344310041996394,100.77543438015749,422.00148341589716,80.29451248561813,0
30.055221171236024,41.68372758545448,88.19525096602851,362.58147884272967,77.82725481925792,0
38.154614284548344,40.714957389336554,115.11320312608163,354.21925075281314,78.09450360368841,0
37.06857343847617,79.50889558944127,115.18327419806117,419.5336565405406,80.47597378613165,1
37.29007168040987,57.110925349434496,114.82313700184028,473.2191267223383,77.26077519387296,0
37.71270346685946,55.373065886387266,89.55184845526156,489.3467457846791,72.87187107907998,0
30.740446517340903,67.1858913077228,98.04957376723952,321.1811608807515,68.2776808314164,0
33.584657285442724,48.730155514602565,119.399586245635,330.965722519544,83.05743992739606,0
31.158690595251297,77.99844735800902,110.88049905239961,488.94725175661597,66.78817290009559,0
38.63103425875593,71.45380057662209,81.08669684902239,447.3070456669585,80.77062918463243,0
36.23298126827558,43.57644009249038,82.60818365041968,476.5987649659546,66.9999846794798,0
33.308980248526495,56.70323103139714,98.55725507249332,340.5265268270686,78.75990509863362,0
30.635583502860236,75.16473230248658,116.3688082344624,417.5171742218804,82.41234801387087,0
33.109823217156624,77.7892808916564,101.54807191810858,440.22791888349474,66.56141666719617,0
33.25183322026747,58.69606044999479,99.91250032137161,436.0223770893945,61.79829902583925,0
37.29606178338064,64.53645556842831,84.21894799826522,381.6303381733396,63.92921228982522,0
36.37557471355213,46.68135784368301,106.27120418897177,303.0789783382617,78.17990901813076,0
38.87212742576327,79.64674504547907,112.88412642400903,416.5852113608526,85.48339218677206,1
34.72214925161949,49.26686805533774,95.2168003003025,350.6203078359217,61.34990463706273,0
31.195942459383016,77.70927096540503,111.0244740370131,390.05084922857804,82.02453777124938,0
37.132447872229946,65.98586595969473,118.57906615603247,491.5162030167635,70.23955937850157,0
37.60785048616897,64.30947179515437,88.15065836510756,379.80706352848694,74.35585109758567,0
35.61277197569496,60.50754044066034,100.93318524778965,467.9603213328853,87.86578649536696,0
37.70967179954561,49.22679246871034,91.48551832338302,337.70812114985023,69.95914514207536,0
34.93795596364391,47.061121280220334,111.71417676135357,434.49209960500576,73.96010801818458,0
35.22732829381994,48.819448362807016,103.1037346352463,495.4013908877887,60.410472442820435,0
34.27541018358549,47.45753048577018,105.38329670201215,320.37862017458735,62.44796160014515,0
30.25419126744095,71.18337894267013,111.91656638463576,301.6639884454384,67.75774773404352,0
31.078914269933044,54.005010366669204,95.83881890649819,386.7165585265229,60.83556722463223,0
30.314291856867342,42.313707062535855,116.60360273628173,318.52509661027347,78.94125978144753,0
36.364104112637804,78.76410520563246,101.3211546898456,449.67686993524626,72.79195070404867,1
33.143559810763264,75.35143539853703,86.31819291341392,482.9097327697118,76.44435608184065,0
35.08570691164703,77.11009132780852,107.8359647267521,386.80419454175177,65.23941557688988,0
39.07566473926093,79.7963129058574,111.73045401753018,351.7423284310882,68.87796088309848,0
32.49292229148875,46.95580996877949,92.67046708270107,386.88066380132193,79.91473424558176,0
34.1038292303563,55.84968075610635,114.28717027995012,444.6895635700002,88.959081708912,0
37.555511385430485,70.32953902816365,116.24573019063065,301.8108323160742,61.51250320806628,0
32.28798165491622,67.8408247221517,91.07617949511236,417.89079789693943,86.71152962565799,0
30.76979909828793,46.1558362535942,119.34085890860888,422.6583369774758,77.30643603933626,0
32.89751452913768,72.6333249996247,85.62846112195034,427.5376493791871,76.91758700266871,0
31.612212872540045,48.97762287346643,88.0806267360996,348.40441599617543,75.00835605623281,0
39.29697652342573,48.95270459290492,87.36899356952105,442.81054467562535,62.0818225771255,0
38.08120379564417,61.47897691573654,115.75958840031481,318.27829726635525,62.69630555208482,0
36.33403756510423,63.71759739366813,106.17170209299847,339.8540672933602,78.02736016977258,1
38.71460590187718,63.203448313512446,86.08417132889092,475.49400933089635,70.22875714306674,0
38.036720768991145,43.65947349591019,97.61293673473396,447.7446301453133,87.51804199733041,0
31.86570058886036,75.09843450521521,104.61192100279209,302.74911080226906,72.19771612078416,0
38.92558998489978,50.624001703548245,83.33856339957534,349.67525207396005,64.29844376107923,0
35.39342241915651,45.18059685131217,115.29665473629355,342.8812965986329,81.44156500506108,0
38.07440155164063,75.54992319475909,112.14414141766142,354.1612656073945,68.80060264323029,0
38.960912999234935,78.22605992919014,100.20827094306553,349.5119540559773,75.7641092206768,0
33.18003474971864,74.48510469061802,118.68506461036682,312.50525914856917,80.93498356515511,0
31.100519245276768,72.38064298899512,96.71043917100398,391.78810331936404,87.0079233360621,0
32.279351625419416,66.20967922556088,119.3644127614599,446.54669495723306,83.76573584405028,0
34.27107788626256,62.034294824365574,106.71679995214508,421.3463449434873,80.29083203618173,0
38.18014765922493,43.479470396456406,105.38685093015766,434.574333719616,80.38899547185432,0
38.60730583256343,56.338128522827944,86.6381958118314,316.22983570724784,88.3777393209626,0
30.069521305311905,54.90754068049256,115.27711033218576,490.29814203535744,68.87472292489608,0
35.10747302577566,50.39015135041305,97.09958751682461,467.69836676860496,60.033362825885625,0
34.17411003148779,68.9368045475434,86.48933623129918,461.01806369913254,68.15863678194596,0
32.2210781047073,59.835029403150834,80.50430079903036,464.5967610083535,66.53674138880231,0
31.19865367333683,43.24184863630592,102.3902273455353,486.54210162655227,79.85503755341995,0
33.37615171403628,48.80732807799245,101.09598488490705,408.8507932227395,79.01134799296587,0
39.429097039125196,67.33035054638384,108.77414489476635,340.0564035735252,77.80384148114172,0
33.23202932020755,43.045234379612005,115.61032212071208,423.3567215705082,60.48730329628361,0
35.187906217433664,74.04827656195076,83.17626338572119,448.5762987335878,81.86334163351943,0
37.03018958895178,59.80586108055897,109.2598596136145,447.5834786708051,69.70591237456475,0
33.63629602379294,59.22346309306592,87.49647776390329,404.289804833376,79.95167967019893,0
39.71782082720961,63.6963113863807,114.32708212628656,313.6917438667156,76.6973528550646,1
39.62447294942111,72.98723863700596,112.76254055446624,374.2225876860256,70.28192776283721,0
32.51782295825364,53.91236831608772,101.63175019942177,484.15332169267145,64.03728801312323,0
34.97248505892385,67.12064610236254,108.40971194493247,416.8897819514852,62.832566929814426,0
33.0087830981677,62.62927855983165,92.57400452734993,407.6663886511427,84.94554999336671,0
32.848404943774675,50.68113080677685,98.84671595731258,353.7707028764387,87.55192626244674,0
30.368869473545328,75.14519945420632,112.86547590841886,373.6897839833158,79.49364140292899,0
36.09564333979897,71.89704086427713,98.37060788692855,479.0692178306339,63.1030234458145,0
35.02679023228862,66.33807338633702,94.31193061301767,433.2926095053672,72.06081650664723,1
30.514787512499893,74.02326916376967,99.768497890012,457.4774053504666,81.86817600315472,0
32.78646464236611,74.6917680383921,113.12997009748874,390.869084613531,83.39462652030204,0
39.08265885966654,68.3345190686014,93.40832189483491,426.0494438912316,63.54655866873266,0
32.395618906669725,73.48053313454687,86.95046372542976,349.6767217486415,60.00092156536147,0
31.44894872091223,67.89885846677134,108.48056081323122,441.09216605669724,81.36411137641815,0
34.89452760277563,67.20563087041202,113.03912850832327,385.52026674066747,70.69788527958617,0
39.856504541106005,64.74445512860737,84.02549914094133,388.5091029629491,67.63443994854781,0
32.42055271511501,70.10866558230565,89.59496451023779,429.86446491537635,60.386924093685764,0
36.72135547405878,46.344204211722946,85.67887959043975,487.2561242937853,76.208982202845,0
37.61619615328718,75.23483036795713,93.91765646328666,312.8012693217242,85.53452206277944,1
32.376375439924,74.87374110980929,98.01403915621651,464.9486474694015,88.72894938817764,0
37.2821634861186,41.169891321382366,109.95305347853225,358.4766220824386,76.97234851839868,0
33.677831327192536,73.03267002259051,106.04590339526696,388.7838909012756,75.43383983219682,0
36.323058305935795,45.154794698937806,104.83714269913725,304.38266575500177,62.551691564677235,0
36.335297107608945,53.40475417036568,94.09499786438617,360.2092155668626,76.46618404627799,1
35.35774684074759,69.74033025166432,113.6579021233904,400.5262485260261,71.39937236896183,0
30.902897700544084,46.43039584193233,98.85148669592658,311.2352154694878,78.21405842650731,0
38.35302495589238,72.71868096476248,119.16419752060618,398.21914587663304,71.6617904362964,0
33.207800649717356,73.28536711830968,105.36568553182947,485.4221257716855,67.208973703511,0
31.86518510399854,60.29870935043345,85.05058966258011,321.078643621561,62.8489582568513,0
30.40775141554764,40.25543486867334,107.04710248301737,452.8881456151009,69.44755333766687,0
35.90892943188242,51.48152532699651,93.00416061726796,381.9342106751985,62.89934502863257,0
36.775643618422826,64.67707673502969,107.4530878674439,431.0347429048676,65.30690852471952,0
30.165878289278563,79.24744712109694,82.78564592649623,352.0473195970459,89.62008475738638,0
35.12093058299281,65.27254108066674,86.99525748703837,331.89845250827165,73.32310670719856,0
32.26495775197938,50.39214324256639,114.22949035623145,332.0925228542453,75.95615299515049,0
36.4517279040945,65.36022812398446,89.0871822809406,314.0983891286289,86.20855586211647,0
31.743664290049914,61.59941518863422,113.4816450097176,337.1293409802486,89.86706701472063,0
36.90937738102466,71.19381580604575,91.17104353817642,432.84387699779364,77.48143348034044,1
33.86735346300537,44.279225553078334,105.71527640234831,476.33812236870165,84.37421463132515,0
39.367299887367345,70.44111610008112,107.76602294039324,462.82513711823236,69.80823073010026,0
31.375209441459933,61.65066314704441,100.50619012580212,437.02686197489686,69.17231872341873,0
33.41066351050259,78.51968015435978,92.21242706786926,322.08637268222054,72.08111162983681,0
31.13473521240589,53.674886641547445,88.50577505484384,357.83748925918997,80.17521788020947,0
39.24693618278563,65.30487572535793,81.32757418249705,361.9613750644938,80.46575067765296,0
38.77339353380981,77.2811242204007,92.15785604962895,349.99138927952424,69.45718303948352,0
32.57941627715156,44.10038911962717,106.12651162125132,403.0011319419446,63.99629772409886,0
36.59984046034179,77.48913948945804,117.53219273793931,407.1107629759345,78.97188769396526,1
38.17222200201216,67.51542889203253,114.84817929052208,371.37719503422204,63.849775865662934,0
35.552008115994624,42.713482364206875,110.6425910614121,370.7578317472872,77.35477524687991,0
35.296505783560065,52.03854267787265,111.53789373013194,465.7111195812163,80.80266384168927,0
32.418522909004515,68.32688354581126,106.59939613903981,457.85856966393715,81.01834489183355,0
30.931027678058992,42.69402405875087,90.41147430264012,361.55916633614913,82.6041633197879,0
38.97215757953327,63.28681840705093,116.28780122823319,482.75768877465185,86.18578264696994,0
39.004180571633306,53.83532227811827,106.82929247623336,490.5630034005012,74.99876975894365,0
36.33101457273268,64.83662071069908,102.4176252392176,365.34850840600814,81.90747568588714,1
33.39029791048701,41.829681352500515,84.43957876853925,370.88498975861097,78.5751820609751,0
33.49209574612661,74.86147224609505,97.88222175225701,401.12683068439173,65.59919819393048,0
37.2595567887024,78.93955876709587,98.41433084807704,488.22416250673473,60.77068934608224,0
38.97110259952577,78.75511421142767,114.5825443809068,475.2638866284623,68.53624157030801,0
38.87086424265117,69.986073269717,101.86592880751154,320.51359251671795,73.29101119012859,1
37.79875545857624,45.20344960522528,95.21602195881638,378.54614865428323,78.5131783328597,0
36.420316461542875,70.3305278371609,119.07201314042638,410.6742379499544,85.49877991509616,1
30.84139964995049,40.98347665835206,84.42882373305262,400.626494510308,65.88737150118497,0
31.616287140946138,40.88494206115989,96.90193713247778,338.77261358737854,63.76649369695431,0
38.98554188527079,52.94440876598165,81.68098700685621,471.76335423363093,88.90439842422983,0
36.064290596595896,59.54572761618663,109.59616483067721,435.38815659936745,63.24133678129221,0
30.091970516166295,70.81629671231173,116.72306208796603,467.5816749703607,74.35473210321567,0
31.01471542866032,67.33181506426021,91.20149318201958,471.75285586989446,77.56691186379905,0
36.635017691080556,57.83610825506993,114.33366707196484,449.67117073314796,76.24123262722316,1
30.050615838462186,50.945066651266636,91.68872921847591,387.8421202499435,62.5809647109883,0
31.608080514174986,79.88498000630844,116.4308064657566,422.1093510030849,61.71080742010858,0
35.48733789366586,57.04725208943891,110.15847614387135,332.07308122394863,63.16450282383107,0
36.918951976926934,58.05548097318702,112.19627107365754,434.7290834949815,77.56763051617838,1
36.519612595026004,46.544952847666764,80.72026222401819,335.8506511478561,76.33034662902963,0
32.2426930946056,71.79238194999718,118.51241428296103,438.7899181020314,67.01222376110233,0
37.12179221347536,67.74728903125954,109.06683968281293,345.91963215079375,79.13322425536775,1
32.372490874968,48.83078451155042,92.19004381544534,323.510260030044,84.60202506166948,0
33.25399698159268,43.295241824633706,113.17578659435388,333.0568980285915,61.24736879539781,0
37.464914051180244,67.21997208298852,91.2608479365972,300.3984270438141,74.94389830644127,1
36.49632899047215,66.1804485712454,114.91015358264511,443.747923570706,80.67931236308071,1
38.49223410494178,50.930381079928374,84.50321561647748,446.4802098116758,67.56935781209062,0
36.57612892300343,78.0345424900164,108.14743909843183,402.9866699826519,69.23312715879447,0
35.68308603335471,46.04231567123601,101.62793906579641,332.2725602110767,78.40913708968151,0
30.936747678280923,57.29339204170408,83.86137880781763,316.71086750213794,86.9380588033121,0
33.677158030594335,77.74463680670395,89.67575313035356,303.82579328745743,84.29773260908698,0
32.65202367681725,56.78909267704489,80.49616145109259,333.14963539304415,77.4939065729875,0
32.439896433790835,65.54103790656342,98.75071861858024,478.1711069966293,81.90665153271748,0
39.73010554752446,55.90377591851177,92.05061043040001,348.3073683403363,70.94467410623396,1
33.9309772466676,50.9686080939468,103.93429937191036,370.8542654434431,79.22896584296274,0
38.92046555177113,79.35910591839313,91.88951230834469,321.0690968962666,73.9854477338267,0
36.31138625997263,56.37336025260172,91.9967644602794,344.47226094963406,65.69808409372683,0
37.94811303541648,75.76396814716537,109.72772794926414,403.844914156041,81.05214821631772,1
35.02637093105192,49.198184235643446,81.92571343913414,421.5505366191305,76.69393912046466,0
35.76903884626359,48.52418816100333,116.11579980767948,349.07046283324223,70.75864745860774,0
34.92517693818864,41.24536331538045,114.09055497564725,311.54643184502345,87.34017570235892,0
31.952429877980446,66.0666730150354,106.71218732905626,378.2065738254797,60.628023534802,0
37.224521152615054,54.74105374895045,103.72886280429537,346.84067418526683,69.47319453748489,0
32.80772362440856,74.57432999358548,115.69209992558609,343.9107846459604,61.706441933329394,0
30.24315966431454,58.928396267662286,87.41320718114858,491.97256054269104,82.99581948664881,0
36.45472295907168,78.72773711658887,83.15876648763314,423.2600971851448,81.06322362341378,0
31.77110679407049,47.42102062812484,89.58040679638152,411.3756886344192,69.94056656208951,0
39.40458584352914,74.74492671822443,111.78313114800761,383.15502070466437,80.26988706621219,0
39.53928577002587,71.06387411166966,81.38681066905933,385.7888666860289,71.87811678587849,0
39.14864390220448,70.83687378576208,103.31227340333959,408.1810007676162,82.68761374267302,1
33.70158700255445,73.79132912467551,119.8175006476524,439.2859614072214,73.62550988210118,0
30.154566165288674,70.44095963771996,114.22784375350157,440.4292192363659,72.36839183494996,0
39.28318562587725,65.04881286525662,100.85782756174358,334.33878154108993,88.04189746464903,0
34.281841483173146,45.249795107295505,82.54563637146569,400.0225504153254,67.52637299672101,0
39.6665481904367,41.30104717965008,113.25494057542839,382.3916190068204,63.613420199896964,0
39.63619977089253,76.83391391262748,103.95914032708842,474.10539325387685,77.53629339778374,0
38.5300945546736,64.66601258082952,84.59731988238268,426.2837842436753,89.07965436852537,0
32.94448892069586,71.86149163904705,83.75429139293425,406.50081328319635,71.3351764118156,0
33.85097728601925,59.260894060502004,116.3850727774637,323.0789284357835,61.861102908863444,0
38.51136671516857,44.692327558495776,106.76801051752314,421.1275778646823,70.17915801928703,0
33.169220051562775,45.00743168810202,113.17147197267022,323.44078113604667,75.17794962958675,0
31.694927466860925,67.42261148915885,115.15915601129069,367.4413151131504,64.85769019896641,0
35.5680126245835,57.21223579597851,102.87089408193289,328.56839296286637,79.74306654169476,0
39.36154774160781,48.02098906801347,100.69785407020166,438.4147294048738,89.93248167030602,0
36.96029796674973,59.66378186965748,97.21709641283961,341.25042276723053,73.55218427944331,0
35.700611700893646,42.568357483005364,92.67786351164477,378.3718746376052,70.64185670190638,0
30.971764937707686,63.27885607657595,97.38383843434846,479.1349555237557,72.021125005034,0
36.1500722669917,50.75973617740391,110.95518622920625,340.86327667979407,63.45438535185603,0
39.90053850104263,71.90236402548753,104.07693724060526,401.56101279175584,86.49820804278671,1
31.40084015236524,52.41447835694295,115.70093159819385,383.8543322332044,72.44476966564056,0
35.18329652363737,58.20880596327205,97.73520057516751,303.62480820914595,71.61823234274524,0
38.773730719279556,40.46482159632403,104.28358314875015,458.55162271456254,79.79070818791423,0
37.40768617754205,42.89787551178235,105.25230212367956,313.80918126291994,73.2610026279337,0
36.97015740995268,55.69974225626739,103.66788649225302,394.8510041953907,79.44700406423539,1
37.02484083987109,59.19755338868494,108.10535092342064,412.13565898778995,61.84338870392362,0
33.594911512197555,64.00082192477214,89.49733873499225,425.6852913229174,84.41170031166682,0
32.93591844264493,51.66650314837213,100.49455110183163,437.7263258615751,88.21511858638208,0
38.093611554785134,67.79927544506171,84.16899211233391,350.654476704543,79.46296158478158,0
38.101133946791805,74.40489588756819,95.3804531057925,301.99575533168985,88.63697786576432,1
38.67072318580104,71.194039555734,99.50668274485058,444.68873247098236,64.5429694310989,0
39.132405525564714,41.58475301393429,106.0889703818189,407.1313198695157,74.32248568441061,0
35.11342398860938,59.220277890313156,118.02124210344815,467.22354064144974,78.05420201836341,0
35.015162946871996,44.197207136726995,104.02604266193424,464.27767258013887,77.4520994226356,0
37.98295178966775,49.6818006345011,109.74375664706238,468.66523355757664,72.0438533726713,0
36.49963930777765,79.46650373068586,100.25064237980811,397.018931995908,70.14253228098784,0
37.019668772577035,45.69982171606053,105.36416125505326,366.72567916737313,63.80472067651257,0
37.95792669436101,59.95552613805424,82.83728864535094,458.311640518274,71.75227351686834,0
38.90005341817566,64.72622937272476,90.17566323367387,390.258822605851,64.87982445316456,0
33.37995156851536,68.09859882176416,94.47412372820554,336.6884392806869,82.03097029476655,0
33.75582952639944,62.385947339476566,98.89973420026054,470.99480391229486,66.2649280648377,0
30.93981939840869,40.39083389676735,81.82594982009535,476.5119753544694,61.75695915853601,0
35.78280140996174,53.058452329759675,85.6009639021327,393.26195122803404,76.57098413451703,0
30.35942273796742,60.70846573538846,91.07257231165224,315.1399454619575,77.85689198158205,0
34.6559801813246,43.514659965793335,118.86130763604203,377.5652179833862,86.15739183841517,0
35.42644634707577,54.02507724836723,93.25388028412203,460.7075318925207,77.30944837253045,0
32.86541252128284,41.328124351654665,99.2816423244833,480.35480570924574,70.36442561170337,0
35.908332605690106,43.14313988620083,87.84390850953572,340.69454849951916,84.09035644578961,0
30.305002499390493,55.87693104806384,104.43120284303073,313.3947224050543,76.20836679562262,0
30.373481887492144,45.30863016172241,91.22732862063897,475.47009062656775,62.37840853893575,0
38.22600560659659,62.70163393046232,88.27970313753707,377.88098779577507,76.97551680939739,0
33.60190641411263,67.57859876549063,100.66290513783916,408.35219285351263,87.24055636264987,0
31.27060512651885,72.0234679643633,80.22023196641683,493.61316241015174,71.88937876494661,0
35.222432600548046,48.0060097697924,80.30656130596901,313.3129455828446,68.889774056994,0
37.69993553098611,46.69930329036279,88.76275236407432,429.6636014904191,64.3040837105406,0
32.15821027496843,44.18271361337601,81.46885450003285,314.8210845149734,64.54336565806072,0
36.228904758190005,65.45720998174546,84.32103016522765,375.0937856933001,72.98314453025456,0
30.85347464993768,68.25902905947605,93.55442597355007,460.7629090386894,77.87039472484588,0
30.516817211686078,41.26344579302568,112.10342718319251,386.6944465511269,62.41846215508805,0
35.31354631568148,77.4484898497476,102.88194573477203,499.43647078059007,88.18705767075497,0
35.406351216101065,42.0788513460589,100.50670903825666,411.8118569893204,82.65400852335588,0
36.374299014982064,61.65185341204282,91.73955292832487,364.2324305271907,77.59871754850988,1
37.26091333722661,68.36242077803666,117.27014877731266,344.0222651809506,84.85316012816972,0
39.75852079462535,74.83876494984342,95.88060164948766,370.10410685723235,62.405602704363396,0
35.163003483011956,68.56347728529711,83.48371067183086,374.50665475191016,74.30516633199373,0
33.22956472941246,72.06912332279168,104.68266064471206,313.7427355447922,78.90279380584991,0
37.951861947687036,53.57800770171224,84.55353573906406,373.91483988535464,84.85958718354868,0
32.70832251262074,72.5930045498605,93.80892571206769,392.847703947845,83.50408680147802,0
34.38971420705636,43.204593855387,100.29647754871235,444.54755044776095,68.312077491402,0
30.78456381342266,75.7926662424211,114.96890098740704,431.34589694432157,88.22640508677613,0
30.253507434154574,61.90369504614945,99.74186321360474,441.75313104583086,63.73037524292611,0
39.62648414677925,72.69191079849975,108.09035064126657,301.6727363753714,86.25400855863457,0
38.35980120512206,58.092731380732005,119.71267355996281,343.53347991610724,89.12820748813856,0
36.95974206093698,65.743107807861,85.25956479591926,432.33685767997133,65.31460569667877,0
34.0895294441427,61.05610643744453,90.98926102078079,396.79787363594943,81.66198192611355,0
31.73294320070846,69.26358087021327,95.78304302390586,301.0626951336692,61.20856556333995,0
31.56437042671086,43.26519928122358,96.87312714155325,460.89892848636447,72.16268475417465,0
32.502428981645956,42.41408335962255,96.44084301062183,454.5619146580675,75.48849897593021,0
35.49226664706121,49.88412936040586,116.30444010226219,409.6838325987125,77.41935677728902,0
37.145959227000624,46.381787204527534,108.56130577867425,313.29266515525444,88.07811744745678,0
36.60197376717731,74.87134266368807,104.31620856362815,453.30300990651693,80.16752061882585,0
32.79933896945943,48.76855949432177,92.37490871451128,416.7427175462728,74.4383385365771,0
39.54865280663194,79.03461023276526,112.95161536885179,456.3919954315918,84.29025108797669,0
37.37896916695769,53.47583167084427,118.20242045939955,450.3493984791681,88.51598462863227,0
35.543540525114004,47.28471662754797,112.84793130200906,460.6004143915674,60.66198446046872,0
36.11720746234352,71.58794028569916,80.06260420765892,403.601613280925,89.47563816768115,0
34.1960006242779,66.34831102003504,105.45605480733627,328.064903638703,62.58396417191041,0
32.47730989501157,59.92782865812556,82.04541525768403,434.2314946759377,84.43160337806285,0
33.55972678651261,62.214542037505254,90.30428881334888,424.0947570103941,68.41004257654238,0
37.578461104643694,68.76807113089055,82.38098801391087,448.45063743981746,63.96538973261615,0
30.143934886297558,49.13818965325195,104.15181811797551,333.97620121014705,73.19566919141505,0
31.160726405069163,79.85335664226967,107.46359653970427,338.99503998005787,79.3186973834284,0
30.460026420217527,78.99172648587133,84.57950552263621,478.0819034438657,71.42855535070424,0
30.4072880231897,66.01302745387747,95.35355532179918,449.99555969041415,61.63696224848097,0
38.55460584011007,47.981698037165806,98.24946035822168,481.6456977400646,77.9838341897615,0
37.036578593800236,67.20912969725165,94.76212087043666,451.74306423278415,87.07209828332024,0
34.74173829087325,42.887936359167036,84.84100001940772,419.4310611980604,71.49646097841755,0
30.978341606510014,41.22610008823224,96.75791160749901,430.82654740557473,66.48998332892481,0
34.916158751168325,50.30731554044855,110.04712191233672,477.82558478800195,73.27732037798447,0
34.73471770780566,58.504918269572656,82.84030658133022,415.76135090238813,61.45088133146343,0
31.732018699100152,74.73090021633521,83.20720056327613,426.4782648656775,84.61462753440824,0
34.33851649237973,69.08676279065233,94.19085167343937,331.29534320072014,84.7902243285056,0
33.98504734397373,69.70826084799924,117.669028464757,394.78424402322054,77.64001390288885,0
36.15850098052216,57.01973337792302,106.74290586891657,443.2794223916198,70.59308666815168,1
36.35093650867644,53.83739970187852,107.1467982669026,354.1885396632731,83.9935009333735,0
30.453040097720447,54.84155051938411,94.4767996335146,340.450836104907,76.64061074365102,0
33.746126146264714,79.50598254944231,103.74643164834154,362.7653616448831,84.77796925650048,0
36.25859915714236,41.6043676564993,80.40524736110973,348.3001255985667,78.94376377749062,0
35.03136258580088,74.68125984489794,105.44384185638168,342.9825274072792,83.53216419638392,0
38.56489841188322,63.14701634289574,116.53147790304948,384.9701685736174,77.9568897965328,0
36.58693631618945,57.54461676758362,104.50293873379277,481.5677027767068,72.42423204646998,0
31.629344270814297,69.01030641660546,114.9479437386538,401.41192934774364,88.73837579778413,0
30.7056874740043,59.466757656988115,108.95892221864375,337.5840761630646,76.23341474636534,0
36.42419278206316,74.93692952326643,84.82233665614761,315.3943338761748,78.15268555621616,0
30.26511310541622,76.02807456045034,116.09813229143367,439.2312290275851,66.61462918244248,0
35.85775581273463,56.86883707493821,82.657753774231,376.55975288727757,78.76952368281829,0
39.402302414249576,51.073111889402064,101.35869890191054,464.36618931707187,77.14822948448831,0
35.75474177875879,63.69401314373449,85.6854849517383,431.9021537281541,65.54515193841075,0
33.88169926206522,76.49453382466764,80.46826442923616,459.2482901082737,61.78761292059431,0
36.43288218442353,48.42648756022666,96.88137040510556,354.3892078836898,78.13077959144313,0
34.582528904915165,64.9186633425393,91.80162830616625,438.4717844922116,82.91076808050961,0
35.456167893159346,65.26240880370082,99.44001975190412,352.81239693874375,75.70204112766025,0
39.41464808776525,69.32452089661123,103.08799546938204,487.8136958900583,66.80317875958937,0
33.86102637800774,45.262707405090396,81.7495628923579,427.2748563066749,79.99565930079105,0
39.61190563823914,68.63299858728354,84.92013180494982,364.9023600350684,62.40317179828807,0
39.053506419560634,76.36130082662564,102.34569585801701,353.9023724584545,73.25501114405864,0
31.957911347892964,47.187324354809675,93.72669412690632,338.1853170143287,64.9010027519526,0
30.693613008751655,49.501732996955106,109.16693950197792,438.9281917787456,65.5337715317965,0
31.007780013774266,78.85580376166558,106.09166594367758,343.7431225995855,66.06881847474611,0
30.182218256515498,47.23907810837959,113.82417451959627,419.0606531854978,71.60121171131934,0
30.944429607559282,74.17540373478317,107.69971306676901,352.9270053850715,61.53450616861193,0
36.83006773416357,59.69111425792139,97.19724309560593,432.3937889587737,71.93380322787294,0
30.71188648460229,49.88924297612708,106.9186648957773,462.9879457081079,75.35122341344102,0
33.18975630293761,74.82999605090046,91.01524697021674,455.6050486289306,74.49882854898976,0
38.44875310969454,57.81221020010662,92.25253995112851,452.17026618615637,71.48352301209121,0
30.23271935735826,60.59269415718761,111.55940639683173,337.5444811384504,85.17439824212258,0
38.14468482588936,54.36933477599062,97.85678065606328,317.67698939690376,64.35980077261513,0
32.818547747734,63.7180340573971,111.9352136207341,439.78976569747715,75.17090231344122,0
31.181648276216563,46.54095490340091,112.89689494673114,373.6694427588703,61.86124250869663,0
36.96737165364151,55.64326146607043,114.30249350645136,386.46924528066944,62.13467036633729,0
36.28942846779884,78.7764928934115,116.66540943364829,306.22981855867823,77.21597549031289,1
38.77472013527053,50.3253373080451,97.23940882053185,351.91528985500986,76.98055274663463,0
37.35071043803886,66.26946658165168,92.75467273284555,306.73528077489283,86.34100538533372,0
38.03480930384848,53.00760256898779,103.28794986376455,475.83715452024956,76.7362102698022,0
32.82034572571307,70.93892502746402,94.84689693750511,348.6793366437061,88.79373061214551,0
31.774395437797228,45.23494642873399,104.04296667200931,411.4674339146016,61.46084545199789,0
37.50614751640858,78.79284180314178,108.22343450575298,307.7958641322261,62.94023054342223,0
38.06834739267264,58.151581655345566,107.53620073968548,433.3694782611316,61.32197584711144,0
39.905051420006735,49.44201853385856,94.98211548080485,364.60546915081875,65.5583055100062,0
34.12617676911427,42.93986989320051,86.67440806795011,479.58383739153317,76.23810332825035,0
33.72018085792783,46.79031620350163,97.2211735384883,477.6236377868072,79.36716544282284,0
37.76412960741997,60.79095794224071,85.70376576327635,365.05812367234955,61.367554738460065,0
33.40803540253018,53.48012705725145,115.60388140735233,480.1921791380936,88.37912669536797,0
39.307573256035646,73.15533463530437,93.83509842951429,499.2315346997558,85.26496129951143,0
38.58412751843012,57.235500946472236,86.17838988893295,465.0831328247896,68.89837446471279,0
34.28994027375018,49.9485709035052,81.01791039623004,468.97426955104584,62.31562590679404,0
37.508710677914976,64.6857994641612,105.83289545145936,349.801747221818,65.09661219657171,0
37.54542874084682,68.27108867541783,105.47609269818973,415.34047977155126,63.80833241264918,0
31.031238688359327,46.68167631603799,93.62416666325167,313.45118279347355,63.69851337896841,0
39.02552906679567,46.7047686515327,82.86847555390604,318.98358736433397,75.55685065997201,0
35.05252372447857,41.46685707734172,96.38515579580928,499.7785224066581,67.375423274802,0
38.26457466107742,69.45608060262562,92.44869980253574,365.3278498851822,70.74419149587433,0
33.20049601030612,66.5521811048722,107.08482558940037,449.63678240976924,89.68516000152968,0
38.95523228496201,58.98523502999255,104.23116997810762,461.33301060536326,80.52942746776034,0
33.89201678734163,73.76681795876789,94.5837491279016,471.60465420144584,88.46942001141004,0
30.108376514802984,72.22680611800213,88.7157021701996,499.5256594804313,64.27669665099347,0
39.05381976419264,63.414174575870085,119.52143864622367,348.29929705137357,71.46418424497708,1
30.912866767861335,74.73085122053035,98.1600648478446,308.07016537193994,76.64195409847062,0
33.193136375904146,48.23364840147073,107.53096943120948,382.2383035989172,62.30274185666214,0
39.50061967050805,44.47678477590912,85.62211870313443,326.0161339657894,60.12562330883873,0
39.50607146937556,50.789984460679584,99.4235879863759,304.485177832411,80.11303001390752,1
35.734378881232864,42.28347424357259,81.10146879477863,372.0853654282972,79.25458550404306,0
36.31837212169799,61.24678112004128,100.218204716418,456.7476502150473,72.32366429998835,0
34.4844552197832,77.46422769179846,118.56069628470809,413.23613824501416,74.68932228096098,0
32.932107716980646,41.573741626740386,95.36826851943201,362.5555978420708,72.46329001776269,0
33.28664545369916,44.88439656040107,81.55984050299647,430.8684010985439,60.720151345346665,0
36.72518456077039,58.08796113133741,81.23823163677375,346.40363606176214,70.06114818652387,0
37.5237452943768,77.3550007011162,95.51947039787478,302.876289214417,65.31246766191869,0
37.91579043725849,52.64624419907002,86.40099745852777,452.8706772872855,62.95272567304106,0
37.896181427945535,60.289392347535696,80.93408385312743,424.7486169728018,88.7016130166805,0
30.912061030486903,41.662914362015684,110.24854455800707,452.460524900192,77.98079175126497,0
34.944203047025816,45.93372803848355,98.34092035527563,307.78760333753314,81.85968852709809,0
30.575587600166443,79.46520491835388,91.56979087890618,467.42392556613044,69.46091229798353,0
35.49528882323735,78.60474785744182,116.00332732065922,423.90524000726066,71.79441388482046,1
34.41530501373377,40.19759923737639,84.64555840802103,412.679070142528,67.1077198169017,0
38.877041827583,78.07247141692956,118.23675315821276,424.9228096229063,62.90897012896274,0
33.50915012552079,65.56479751262002,92.55866869509411,472.8866493736728,65.37094912324751,0
31.170670164276057,74.71673178080088,115.53614689234725,417.3873013117814,83.92542135889457,0
31.42991682052836,58.18959422535436,104.11771505917847,416.19007597763584,80.32637415551328,0
37.61510631717472,60.62384114317001,113.0682943896595,498.13583141315314,76.4078662795643,0
36.18218063316261,59.55386321027681,119.36052652841857,451.3460334137136,74.25269618600305,0
31.011226761227903,66.67457030184417,91.53621751274983,388.4587610902271,87.67302850968373,0
30.841068061149976,45.586050190252514,118.44541941630372,441.47940000658554,62.18204843336005,0
37.0096913145912,41.19894359490712,95.57927579609681,377.8460943383577,68.41802439713749,0
30.727630063641936,52.31719766364763,95.42047618947689,345.7750924966998,70.49813560712143,0
38.21860059290356,68.18723050946588,93.61548417018022,419.3703753775519,83.47277436638363,1
37.06242227156496,48.074138084917934,101.6563042939034,485.6364196227903,89.77543860485915,0
30.813487806418998,66.93729733299669,86.16580172713948,485.82790400309256,67.22011544271459,0
30.84837714085192,78.79648184429081,102.14845941432046,368.3810556210981,86.22922002411242,0
39.866395785011754,43.75602863157673,101.66819249640017,405.535493244339,84.91868281295373,0
33.7427079575612,66.90408472900505,110.4760725041948,342.3271797139722,66.739721929253,0
33.70642147066891,57.750008772182845,113.34599847750343,499.1262218997767,71.97997740597668,0
38.127995672575025,74.72569017510021,97.61765401249696,496.2235815735871,72.29018607877558,0
39.472485773838585,47.085991577895435,92.09332997405974,429.9017859414895,89.34662005579675,0
39.86001063822871,67.70503808904658,90.37339589268377,460.8828119354947,65.42675704136695,0
37.533781852589414,73.52461158592442,87.78495346819487,443.02003225674,83.97473913314346,0
33.76259585530916,77.78456877896093,82.305903287961,418.6316438078936,70.0257814251933,0
30.83500716698669,67.32992113158583,93.69791915338854,310.66959939777956,81.92611037328481,0
37.77146915927437,59.8869905603371,90.80990768523134,390.9528685105322,72.60033012886989,1
35.58404249735805,64.71388960804856,118.65669543465629,434.95726043348213,77.3507928934962,1
34.242220092469765,74.75619937914873,102.30835305000176,435.50632277673697,84.97835319978392,0
39.06354385094736,62.82438986555319,93.8910815612203,374.6245236844767,84.12496694951652,1
31.111974823061512,41.21548238787347,103.21870403974785,488.3383973316061,85.99269550619101,0
34.92625104290859,77.23794782027912,85.56786805382782,333.47140644735623,61.78851976033977,0
30.11353644767419,67.58107004126245,97.76174996808811,400.07188924311214,80.76151659119235,0
34.68660641994126,67.06053543108986,105.04937285684255,438.17679531016455,64.19962130165288,0
30.563032756818373,48.62700609590868,99.55591327169806,439.42716117836187,72.47455704055233,0
31.18817916268072,66.35541880930629,96.07115202617297,429.7277913537631,76.45765245164066,0
31.17526246777105,55.754576226166336,119.75393555598794,355.05764269037206,72.08218454240492,0
36.49210302116064,66.04931908165969,115.21259048595708,331.2413137373244,75.58835027409023,1
37.46044879265423,44.26372121231963,104.9362383263776,427.18806536534214,89.89578926395858,0
35.8336876509716,66.31381218412145,102.77509444729131,419.86042322788757,64.05651941138564,0
39.62172548474542,79.97654903082666,104.82641919298337,335.8712020578482,80.26368136009276,0
33.74870579523704,41.92848155442224,88.05248431289733,441.0278291141127,71.88002899156845,0
32.857120862818604,79.0869673688527,95.80550973057274,391.0343983467313,63.99029396721986,0
38.6859912818946,56.27631842891482,81.57838131563597,433.5521183206306,64.76210290122928,0
32.23595838519453,74.83013801349037,99.02184149947307,467.47341595403014,88.4781931873685,0
39.63222539440611,71.29541936233093,101.72098335830653,333.9456857153846,86.38804490135286,0
30.121544746898163,62.68065043946671,89.10998944412839,303.8289735993673,87.21125881245065,0
39.69878826707639,69.53796837005306,118.56115388662056,455.82051727915734,89.7459832748216,0
30.431599119505762,75.14062245205392,116.37818443748968,421.9394850305232,66.24946170025554,0
38.91143113698071,56.165612866041315,108.88572941823624,439.92791392442433,70.66318012092185,0
35.277011090863,53.081326462529546,101.33546515061451,467.6309949977285,80.076570897746,0
39.929647961193005,66.70373542254339,114.7987663859074,460.5621869649001,74.51407619581941,0
30.737965647353988,72.31383767765034,85.22609375293851,492.1840293857649,72.55168600135,0
35.53854284401321,70.49140539106463,111.6203917709954,407.1870157704236,70.7343374800678,0
39.69302535619099,71.91254595434538,84.99283255867394,397.69912653198105,77.81341895830357,0
35.23097844170149,57.42333259251732,111.76842650197622,380.377439978146,77.26780285920246,0
36.293986381352624,72.71336864700086,91.03070273005427,330.7382085688409,64.8437350219272,0
36.95748688984617,44.808362214824335,115.08362324072755,414.5214465764045,74.15219512555318,0
34.545410647677734,61.77956391843398,117.76168375301592,355.40250486519574,76.6041532862955,0
36.275580800840636,40.230346419924864,85.95183877620462,484.2615024425951,77.10860816194172,0
35.843143119231,52.98343319601081,98.50702420261574,416.6381608554195,66.30321578737056,0
39.01158010490989,54.65846139485592,119.2394951265074,418.56803610162206,82.26814176756861,1
30.45446380341458,55.846907664370214,99.33629743892587,370.98493217540204,60.75597284463209,0
32.8096318959223,67.8186882675945,114.54190090058181,310.3978703955415,70.64495566629488,0
39.50411484076559,55.54232405081383,103.54926088525279,306.3487530745977,83.406379456069,1
38.902637838909165,57.94774490490123,95.01319631678408,384.6670288306395,76.91678763166207,0
34.556567527857126,49.5017652349731,91.43134222103481,316.91307561944757,67.83487297532581,0
36.20132597801537,54.9300716651736,88.12892364344349,421.3693911080278,80.84859358029144,0
32.77381182981133,49.090785090526055,110.47192765510789,476.1946011279315,77.0217283246822,0
31.881211597237613,42.92783695073774,95.46162027292111,476.58296330374446,83.88730828369162,0
34.63698404939982,64.13794373525512,100.45101848803004,431.8090820264465,82.0507555856947,0
33.53352228026053,66.72851194220065,99.69301920004727,342.2463662945862,78.30323766108704,0
35.83656111850872,64.77961384038458,103.09116116932525,472.59936627177444,74.64533025932442,0
30.777346369649848,58.5397617520229,114.6230858249821,477.2186870626416,63.9954637700257,0
39.74394807666167,55.19143120716919,119.22957374333717,339.3307169905917,67.83999053656152,0
39.86210744479603,74.53334598287302,96.30336834295268,447.48521715413546,72.57298418751256,1
36.98161714019745,60.76327140544872,113.10075688425212,357.3039097854246,77.97897861019166,1
35.360963663441204,59.16727510518924,110.5811117861887,460.52806247058595,75.41123565645914,0
33.09527616286328,41.02568263225743,102.94115805822292,499.44757998072055,68.64553577878588,0
38.137950197069486,53.64991310504625,118.24188574447732,306.00520106587857,60.19393073369132,0
36.847311725538795,55.20782475143428,88.01898062113611,479.47317315818634,74.88717665702441,0
31.62616939344891,55.952911235876016,84.37056841238486,424.5261067197316,68.56877965686729,0
39.10927184493843,63.206894769093296,114.15847867821688,494.6765238329642,82.03824902131605,0
38.22537242923169,61.34410186907514,97.56599266534994,393.00190350528555,60.718387958114505,0
39.49799913291924,64.31620371173778,113.87875416828243,469.47758611427474,77.54483433917372,0
37.2571950838836,70.59533046168514,115.7236082078166,312.4788137196554,88.24422712518196,1
36.1341519593579,72.51942954864374,82.49830374476286,367.0558100156592,65.23227801334498,0
34.18243036290619,68.72492304905978,115.33859051944242,313.403307550242,74.14948472251785,0
39.32728483354013,78.22094783819739,97.93276221477689,495.06862669581415,62.74265975451414,0
38.660638895004084,40.729303307054465,100.41729956016928,463.3947814543674,78.77045736784058,0
30.452186701061894,47.83111942734185,105.06370044372841,470.5094842491941,76.51595041788677,0
30.26366974497252,40.302514999125684,117.05530426920348,487.5930462867789,72.22096572638497,0
33.7646336687805,65.89898856618412,80.76464377719056,317.0206972239571,75.64131064421224,0
38.10553330781833,75.92122195799948,99.07373873271268,377.11951850266666,86.89723975407031,1
39.872761293149445,49.739291863051974,107.50888169722242,314.20697780880045,65.88882906933202,0
31.504168911035283,77.08138179185227,108.90827830792914,342.15862031000574,60.67693535116042,0
35.94130715352135,42.41069561158243,107.70129726148431,345.87315540753445,85.84994654097304,0
33.808908566310215,77.37744107222056,85.37740517632487,393.82144220951574,77.3135124716372,0
39.69914397814603,54.06490748958538,91.97582353486725,353.71243349072853,86.71975366385527,1
38.42118923135709,44.05683313796866,94.34862101668054,320.1956213635522,77.90835670239518,0
38.38328704711138,59.43487036745303,112.1774883071802,333.49821781882156,84.30483269879107,1
34.6869315979497,50.27106270882032,91.15039489658213,329.4551127104182,72.89020090065443,0
34.14819502337665,51.39491607847691,88.42819855468812,494.61535958245963,82.49579793864807,0
32.73407071930706,52.29159859705146,118.29792076152384,451.8585013836947,87.39124400669567,0
30.563754966509272,72.12103591330654,80.35453140453876,493.5522930539124,77.16368891166618,0
38.64722376255053,61.56645106701018,119.91283422727912,387.9480973015817,65.42355451687139,0
38.12901009130078,52.45230796624014,107.07285195429583,355.67369633253134,68.06392845090595,0
39.997176732861305,64.41335133243673,113.13877197796468,459.6586394418373,65.95933730692218,0
39.966368370739055,68.64602696892774,91.78477585384772,365.25078360822937,67.40571082787199,0
35.55431705602628,50.90496002934135,80.5726111066824,359.8766747410697,69.19246348053109,0
37.68987415180511,56.541964061014056,109.5147807424612,346.50119844156626,76.65401360259565,0
39.44765729882428,44.8754437334779,113.36578388002704,325.9357956448471,77.63974888391499,0
38.49647390677411,47.24597398138721,109.61904527814076,351.2926122033532,72.79499241725583,0
32.47348101743198,67.24471415859931,85.71401149203355,371.06394969477753,78.46262339462507,0
34.505441353100935,47.25753390782508,110.13711689027876,434.79884162914607,62.44724776834098,0
31.29159415151495,61.006535346682405,110.75691128430563,312.5129684438903,62.6336471117448,0
39.54051027258723,68.3618504688973,106.3416206268022,342.1013879330686,65.15488381072976,0
36.0617463445088,44.275076923789754,110.64463731182344,461.8047280583353,75.54232494121034,0
32.28642805503463,62.692488785156144,113.83685758710928,329.38438471675414,66.41984036094941,0
36.71700684405857,50.26251134805455,104.54416456949834,368.5290293045043,68.49853210477733,0
36.18128240457896,78.5170750095032,83.54418855878717,472.93178437162805,72.00938508518982,0
33.581627180328404,59.34182586879699,99.50511238668844,330.98506222868855,84.3559837203114,0
31.135575921996292,72.23970199100633,83.1059733868642,316.54736712363797,60.415864077385805,0
36.71573195592799,62.00906168625047,96.30172124129723,396.90759901600217,79.48136460709867,0
35.20307700903793,41.736501314192765,96.28425956502511,360.4839022557073,80.06629593122057,0
37.723183917356394,65.32605502376089,82.64039376560966,412.6816728967708,83.9596734106991,0
35.20163501111993,78.05613368826627,93.95282135877918,460.760978096695,87.9825881718094,0
38.5218150031854,64.06447280585326,84.43992395165259,327.4296976305486,60.604135468478695,0
35.51906838774485,72.7675543770716,112.32940840036889,416.139816910857,64.61351116539649,0
35.60937971535386,75.36825853393631,117.90752103857884,401.1017520779728,86.58513882167979,0
38.76653602658345,49.1231908779573,82.89265901031754,328.81575720263993,73.75555686561046,0
34.03482866212397,48.48179359632907,118.20460829166805,424.7996971057965,76.93771916800391,0
31.340152284506406,64.43923955403967,100.90306397346981,354.72808357215433,79.89081611169442,0
30.28782676313339,56.44113879226819,91.98262711815495,397.5668637088025,80.37199813486912,0
37.55137255673619,73.59445211466881,83.07448301104654,316.45446485541237,87.95221209949524,0
36.20309551353465,76.00092493592044,100.0249707228167,391.9168114427246,89.90848252235008,1
37.040797680992235,54.136855172108724,111.78062177962994,361.29269360856404,81.60472382792821,0
32.129641615089106,49.47482235897928,108.28345909066792,464.4762422370709,68.61663627615452,0
31.363714755867697,71.22102060975448,82.00904045855896,311.39574539947364,86.3925720688303,0
30.145446656678818,50.99224142192544,82.91607341471614,383.721454983666,61.47662743622285,0
33.50587558806597,72.90457274054714,96.11493130530548,391.6862848262876,66.93242558623488,0
35.899176868546334,56.94953014595051,91.81161976191773,445.00121525982377,86.92157152391144,0
33.92244045099732,66.70199597165882,89.29537292224191,414.8575150180422,67.68574543318064,0
34.37474922023729,43.82141255338673,91.24017995634854,433.4424674388362,66.61953178865245,0
39.041586944937485,64.95437298706292,112.13930973187539,455.4098571303512,64.14375879420741,0
33.482554670233,58.07070714948917,117.16912214527416,472.44059473163776,85.77335272940749,0
35.13989489159811,63.46433852701897,96.20410778110266,362.7750993444941,75.0017477757326,1
37.83653012741143,46.72056830979454,116.24444008529989,407.6045410727806,80.24679609162465,0
33.9654278232127,69.47494979776728,92.85982804991528,468.02161568784,67.17199152225089,0
36.22086700227874,74.51188310172914,99.05747945375167,497.8902261930113,82.74121263033649,0
38.62363708746745,48.669592003631024,89.04115991263998,477.9038622087526,82.80016634886296,0
39.49520623657642,43.82858222080647,105.61904168703376,374.29345252487536,69.377940747249,0
31.47073480929038,40.94554344185346,119.15924460699236,339.03330344373006,72.32047899030849,0
39.26587625161494,65.67886001773064,104.13972384173515,397.87850748131774,66.29070832290603,0
34.92116293079538,64.28376144355123,94.31256336454196,448.3282903672084,89.29683069968712,0
32.58244388298958,61.8678965085628,105.91269783962113,398.5138141506595,79.36807731175234,0
34.59135756238261,49.27788384463902,84.9168271386155,396.6361726627337,88.03631642146547,0
39.800325752854775,55.63623983622058,115.54636321061594,467.6460842163601,69.101566308874,0
34.9261809399287,63.77905340744692,100.12335803119345,372.2807558134373,83.45672738990669,0
33.28751610287508,59.87067435436678,97.97398968158568,471.9589349623291,82.97575931654225,0
36.33400854316726,79.51142080859549,103.43459153814077,381.3609601903447,80.74966955599625,0
32.40145618778193,45.45759010226932,104.9913545115761,365.6466211356679,88.96916925800402,0
30.758633281086638,67.80578216190375,82.87103224906052,390.7979822399398,71.80666008318947,0
31.288797219106492,56.172750724171685,107.3046888489361,452.48939173497365,63.92151970769272,0
31.280458389577724,57.12798459702459,89.67726721262119,325.20040557279884,80.15126577732183,0
31.519026935122945,68.70391062632706,108.55810530026359,339.2838431744035,81.87929401431619,0
31.3882717264941,67.69744605297478,112.90139177536787,490.2889651326184,77.25181720376443,0
36.408747448032145,79.65023974808753,112.15834030210081,335.0983254762715,66.20453679400188,0
31.818800843991447,45.135771578165006,102.10003869631556,413.54546358621093,75.13367825008066,0
33.456672833238635,44.164385975366656,100.80679569243004,415.86289333238756,69.36569209707389,0
38.967884099060115,68.97355268514964,85.71503845357647,397.924892410049,72.82399584500067,0
34.73961640262873,63.13547668025636,111.01384601612543,428.9490497153637,79.35655727533992,0
36.675577385210275,50.96642666239224,90.85637521786857,345.9653451595237,82.35644228072503,1
31.7231987120163,43.176774759559464,99.86781691271787,410.53245355534966,66.96674072704029,0
31.922890188086708,43.42632998385722,91.37096371710066,374.43465104937945,72.1597608194086,0
30.40868616266479,75.76763498656473,85.35313451998772,432.33345192583784,68.07484712974887,0
31.689350630721645,47.67469298874972,105.18230787566947,328.2447086746299,65.95894841585607,0
32.78590339031959,52.93486248462083,82.17328139291615,414.17548336789525,83.50161659987515,0
31.770104842767466,49.066256089079516,109.945809365048,337.05407107666474,87.27758083310977,0
30.887025337570556,54.1998522332775,92.70347181044467,355.7286126230073,71.1069655705373,0
31.206358711006008,42.77695370984374,80.00538772017941,343.74196006471664,82.53836773121301,0
34.607787680327256,60.76239163633082,100.44516556948919,336.56755597376343,86.90985868093233,0
32.06333718405793,42.7045025436886,81.87407634110413,465.1421903121334,85.38372631590696,0
33.64269861048076,72.01426031289446,91.04678231283597,357.14151353217807,65.48440165617677,0
35.03417270854857,49.34848327641732,108.27905949822865,485.4247563728899,88.68875644540084,0
36.903948286293655,61.60047658418043,82.50758486487463,493.9853050690382,71.30029321288387,0
30.39312139841099,75.20316350245832,113.5735396942401,414.25209398741947,70.17721983521508,0
37.994103989090426,66.03509476188776,80.15279690634333,328.60022453314525,61.87293981833341,0
36.27900389490908,61.318311462053416,89.87295476807608,374.9096486759163,74.58520962314648,0
30.81759031948872,52.973350124615024,109.63616224608286,459.5464526696428,63.27040846922786,0
38.73578624106777,53.320076522327916,92.65080598917227,373.4781457394141,67.45619462782278,0
39.20872400531813,66.77947820792761,84.07569552264054,317.40344366055774,69.50827865301844,0
30.61077959854864,79.7655744488467,94.40935675201712,411.3569821856376,84.26478970475051,0
32.76877648147204,66.47356759397515,90.81573145538103,469.02417029920696,86.2646595118769,0
38.06201279793061,62.311336694801,113.7084760864222,459.1852774287005,69.07398952384409,0
37.48259690383658,69.22602040956984,92.53391670340572,335.0246280260707,85.76094363733722,0
31.845210193563773,58.60822449134872,111.55729887104029,434.55292288249336,85.71692812109373,0
32.093493233367106,42.40569370403141,115.6748857924294,344.1008526871294,82.9395285115462,0
33.70472102791382,62.491872635116394,97.35269678306118,343.64150691043443,64.40085342045545,0
34.84522985191021,78.3050113802152,116.39772575417568,474.81435466103704,80.70968540702187,0
36.18254771530296,47.01211769430638,95.09272215852772,349.93379054804603,88.35072193741706,0
33.68913639569772,67.60019563282663,118.56313665960433,352.64946930360225,80.47621436301472,0
34.625347161331476,48.037347546362255,83.57158098102292,300.1306781522599,69.94850547323502,0
37.47470938133756,61.43310737892325,107.4807706601297,474.13380682510353,75.01737952292494,0
30.36683202890598,43.86705798586878,99.75256161827716,458.51896264182693,79.37175130053161,0
32.52436944344021,58.014837450327406,95.50595221822589,425.4657870181356,75.3171122618551,0
37.13349585884552,70.24653315580984,105.30847514994403,450.05315278776845,63.598588251929094,0
38.95206837687199,53.902860969559285,108.15428366537324,330.40971348489836,69.36192133956062,0
35.11677442115666,66.59646897948872,80.17453078601237,391.6647189175151,84.07188091660898,0
35.32113485265316,71.81799843158916,86.67812354988794,370.24387746975617,85.84254138286552,0
31.07172011339776,77.08711277917811,108.52184202537275,318.7553052514033,64.11900098146711,0
34.47412366823455,49.38568327421814,106.65541654312825,397.2260970429848,88.57160257196173,0
35.32617266455023,55.97263663237233,118.6419002051471,484.1479300685271,69.86467853545828,0
32.4247050363473,46.0966405332167,110.44151161003131,308.0118238101389,79.8694121619216,0
32.69243230949381,79.69934008633501,118.03090830925352,358.2921826987588,82.55475437870044,0
33.77284163104623,77.08003871697181,108.10162006139228,341.5081872411407,84.3583870391365,0
30.200711977777264,61.59828521122238,91.92208834557772,347.6293307331393,88.37249106677791,0
33.22079165583178,73.68133177505685,84.21459689003426,481.6869103758751,69.38758644086468,0
32.114480069965445,60.83831909088168,111.27295453379742,393.61381084685803,85.75519363654664,0
33.274973521779145,64.94342752011039,105.76596885903663,393.2598825879638,63.95060710308621,0
31.19762131819251,43.56497728464066,81.92744049573184,452.11512849105645,81.15122719060778,0
38.90527280739895,70.21081681987232,94.40201863603913,330.89844080098516,82.25933188541958,0
35.93592453554049,45.10853934540939,118.27199261937145,397.45307082001017,80.33169723603962,0
36.79102319144489,73.04270521010113,100.01604582840805,385.9970428242119,67.56944208405459,0
37.89171238607338,71.28112350681543,97.30916544078818,419.3821381093312,86.1912944104561,1
34.984421989290574,68.34978790971905,98.30798420637176,499.9115406500877,65.06575390111185,0
30.869202880874237,41.44641522099049,88.35530896020654,453.8897788164094,61.60904374562492,0
35.37106541818548,52.12513423781314,94.74828683459181,379.57314060348546,81.52394971835736,0
35.86841118020879,50.524502796433715,94.79253023948706,465.51061045480935,74.26427145698202,0
37.4543947418433,54.40545629886076,82.0942008074989,334.14167266249603,85.47294059876029,0
34.316595462296796,43.505709870553545,110.70270514071673,306.092737261792,71.50191423174778,0
31.27580302795564,77.47831292124252,96.66017727615517,340.8896744928546,65.04835765523138,0
32.83775905798724,62.15208962849505,112.88719547265694,368.0823112228519,85.0932657740961,0
33.630822963986354,52.22097242632094,114.01392004479581,402.116151491912,76.46728894920216,0
36.45917241331601,55.879260682971335,88.47976218794632,423.02582810824,65.67587377171064,0
35.707783046689116,57.888101620193424,106.29413928680515,482.1211434428843,81.61151995759337,0
33.560967258978465,64.02377333442469,98.89127216651927,401.97080191009155,75.33340915468501,0
39.8651524879298,60.62717710785991,115.20626951685941,400.25512892514587,78.12938946720959,1
36.05774819356887,76.7756789285767,88.62962716705816,310.0486019645964,73.82695014619746,0
32.37226791735994,59.87853931623321,107.11252801240177,306.98231053124476,84.8612695145402,0
31.017824726204037,79.6863205929325,104.3100848901089,410.2319923832744,84.88688147049149,0
31.52859139184332,74.05699830980383,91.8120591028733,387.6357226496689,81.28166465473159,0
32.45957728384508,48.34042057429343,85.46403614604691,467.8360789960597,63.16204132189387,0
31.60681373259556,77.22380858575664,106.06559041909107,332.135916942369,85.16561585712206,0
31.865670240513058,44.65465591541904,109.54389832529323,304.9943324234099,80.1303894159873,0
32.85095168693847,72.69798833964767,92.625093750534,389.80775358602517,80.91072498012899,0
31.733735952947548,55.2249317390632,105.79330416089255,347.49571135045153,70.88948521211614,0
38.96765424626425,75.11897281780278,95.80523630446012,309.9228746677675,86.3783866847102,0
30.80233745661642,74.72226760429801,108.52827533130471,444.9196573695258,81.76114800704572,0
35.245113895702545,72.23701600470486,87.96861099576212,322.3185999914495,63.37771399587584,0
34.10396826989661,71.60121745228246,115.60860010544698,421.66390000155434,72.23334103218488,0
39.82378616908606,52.18716556392163,91.49638385862319,356.2099500333778,86.59141085880425,0
31.120389021680523,43.23677132205009,94.71143951024612,334.6992100710044,61.41590105092137,0
33.978555990457416,56.11920715060646,82.32367808321399,375.9503045838635,88.84249858926148,0
39.69470433275369,46.940980599460346,84.46048849285106,460.28915524459075,80.37487704958689,0
38.6550712589398,67.79804355609846,100.63447610849312,378.41871538091453,78.9412793293013,1
38.1707207094928,53.84398906151142,90.70370706911886,450.15392984221114,68.11677769463974,0
32.5790282704494,79.0244080343966,113.41920902968778,325.09725935983016,67.46375366217531,0
31.70887587390066,65.63888309381328,80.58773554619816,454.5542839330158,88.26174658465786,0
36.68643219924431,72.89922254537444,95.16376194687744,347.3866649813297,68.94817362702368,0
39.293759891275855,45.30098690967394,93.49382187076371,435.4786259777745,83.26515890156998,0
35.5676289301393,74.4805792909049,80.77310523670404,413.15631096819925,71.79365394621237,0
35.716126894699,76.91028762053577,84.97473596002041,485.8289434423375,64.17762212354111,0
32.79979093660284,59.482476752757435,96.54570699674541,377.4645035950628,60.32145893086077,0
37.69492933191937,64.2501175100391,99.71458337789787,313.23303776688806,76.32772011045752,1
31.870437485575234,70.59239203611982,96.17158989019477,303.8310971102506,89.27336455646798,0
33.23679236404244,46.993545090416504,101.23750713648376,465.3717121945506,71.07408581427613,0
34.25436438616417,60.102643058537694,103.80526699622726,404.94712753228646,70.71577001979135,0
35.07610378684455,55.946521110892526,80.39695284511342,455.04881036698987,70.32274853548326,0
32.4240973241508,45.85495968648996,98.56380637814016,346.8851200023029,75.61631511914575,0
31.148368247392035,54.701376891661255,118.53996963550352,369.0167491026467,73.2199465027288,0
36.10620042441633,42.726892375419744,100.76129120518195,306.0207744422638,86.39743880181044,0
32.88630553240256,41.03247627797948,107.10169069835813,492.29846491482243,75.16562375170471,0
35.81238221422612,45.40665156619291,92.47455431667532,433.5735813401627,75.23273514565706,0
31.543627152742022,78.52460446356696,110.9596551261105,486.64101755186124,64.1511478416167,0
34.811401018548175,61.98118143580068,110.9168592750446,353.09928148581446,89.48218622731159,0
35.32589432551586,78.6328864461288,100.85184190616556,422.29272224513215,67.49918672606489,0
30.518235368224268,57.299915133205275,119.04055293116855,435.69999365852755,62.20092202378808,0
33.36604278193921,52.47264532341038,85.02200859050613,363.5099400515177,79.89438746925626,0
31.34414676938974,60.245674513609764,80.67790659558324,469.62184700312605,77.86099110470619,0
30.633749704727677,57.58046754531641,110.80632847028383,489.43229258004953,72.45436961978237,0
39.89960232389945,44.22658737046976,112.28622149459531,476.97102353920087,72.66576701642035,0
33.22353844974723,65.63305258760825,84.80828916482305,447.8133951878745,83.55191763139294,0
38.09874445854635,48.641527300383984,90.62331331834424,355.4929359449908,65.87137920298947,0
32.54640654763764,64.78351819591319,80.70209453466515,356.32320842112637,84.6075995683467,0
36.815027222239294,66.00804369592613,91.73234443122259,492.6720640892076,79.46241341685055,0
37.602278598896866,46.08099412514592,110.92567495674686,302.0568991871384,72.56909321338573,0
35.95638740607844,42.453985084426726,100.71842110850315,443.2099946484289,73.74085849751606,0
34.715761885501585,71.2304634427376,93.92382372673153,441.24923251105247,67.69941621558287,0
34.11840914147268,58.392016950772806,94.86957179625321,424.53790818995947,82.56342998090925,0
33.488682665429955,42.32655182021903,80.05414502861872,498.02176921737316,75.38624226915803,0
39.29529144247826,79.79465268679068,91.99202110260944,362.37588715274507,69.62563628249531,0
38.306194077877294,42.31122243985467,105.85834966551722,367.99437275864966,77.88150347282851,0
39.65026910666513,67.80140915434212,118.96777775265429,315.7878805893111,89.8720335615397,1
31.242972234855447,79.34715701053653,113.88243307935598,388.5596273087475,73.05786838969661,0
37.308674752036445,49.567204168637026,80.94379858582117,352.20970524696963,87.62074202335859,0
39.38340456821038,45.689974747487845,115.94242418699358,368.67734043552883,70.35050519773698,0
31.812330661656603,44.855397576897154,111.32793653194504,466.91435805112553,61.64198120774957,0
30.664962673667773,52.13100590270382,111.21504494283921,487.09690270549913,66.12726319105286,0
37.41120649290059,44.041832440425864,98.31983036014286,337.14661440103714,72.56085429983052,0
35.74473113179912,67.68645366776528,95.92021171818011,374.5017863106932,66.58904785783707,0
38.41828776758272,42.49167192520251,92.11662915332771,485.7261124230788,60.00681114654767,0
31.397723766262896,60.37688512599159,82.62779435817463,312.3616921378445,87.45004613242583,0
37.9526731185989,79.86787415411908,89.12941453974797,318.4721056222757,85.31638233692787,0
32.01627320047744,72.55881078024075,89.86414539912099,332.5581978412459,82.26876694460842,0
31.636559428657044,64.60877752924043,99.36308278840806,419.04256682537493,65.03443786938087,0
31.64265797930993,52.25014483146447,109.89777626386775,330.0944542011995,63.61090728629958,0
38.14574720231382,64.95583345166554,98.95239313591787,493.6152762901467,62.0281424841715,0
36.651972206962,61.08165855646607,82.31377797788642,389.34290545170404,81.72087566318764,0
35.23065424769119,57.04333535561486,118.31159203952816,400.3035920700333,87.86423882063656,0
33.58830484123502,45.228415069607976,117.70897276376449,349.3317231610813,72.91607462739111,0
38.77200540813108,75.46416860961867,111.40758172593634,394.1920504869467,63.57422015988144,0
33.924451074226354,57.9913859528529,119.65311606256881,432.38272652740227,75.3717846219632,0
38.16599439471577,47.7849004728306,101.77929331201051,450.2354273908086,70.4649572237589,0
34.39134908570218,54.71037403509158,118.51073401012825,450.7736165419826,71.24474773049994,0
33.76944429424908,56.565190101157086,83.02420162467003,415.57822253881767,78.63991872467122,0
34.626797856696065,73.10151582267497,94.62722993045486,480.87195499877146,81.56154339786607,0
33.01377874164142,69.34457522245609,89.01525072027063,463.48156946122185,63.31810796619482,0
37.47609380176251,70.77219574565359,87.8333233653708,451.40962293972507,61.06770692419429,0
35.02720390092479,40.44125057714589,85.63211795570705,311.1211043360921,89.82990908057144,0
32.32212695146817,56.64615992719046,104.89654566263987,301.37559244392986,66.98185046746656,0
38.99574573274568,59.25376606541295,111.2528742298922,342.48945543909457,61.614915747253775,0
33.838912213732115,40.76769107292227,103.13193597681442,432.70471878269046,65.6962598728776,0
35.43552861113989,50.39252834980137,85.87850838352838,382.23949777650915,61.168735390453925,0
39.06472110964547,70.4115929248854,112.44495079733883,380.48125185986237,71.75432683851515,1
36.242379959139924,45.48438822915996,105.43818828654913,476.9173776459228,84.07205353353973,0
31.16898040708364,61.41240525810367,95.52662824507982,479.11256962636776,70.23733349273162,0
39.39832123613475,48.6080748806895,106.96521182144252,481.8350528107171,73.32550220635099,0
36.27708053071418,40.48483098575573,90.39619916971331,362.77561530300545,80.26760320702317,0
33.34905614657086,49.64805830398166,93.80768833976842,438.2111625478524,75.2668221020964,0
31.392720726633872,79.03495019640215,116.69943372527962,354.3266362548739,85.84337058063973,0
37.94025189270296,72.06148447531959,91.62018022685682,338.12196661488997,85.9810702513727,0
36.200727559285134,78.38306577284133,98.79953072631747,336.92649146947383,60.29732086473461,0
35.334610919763215,59.514161757054495,115.60564549584058,368.4215241727188,83.34138919449597,1
38.938925830509575,44.38944794710014,108.3088540107011,385.99152395596434,73.82200800725022,0
37.885972112245305,61.91837955894772,82.48812904658811,466.1898342110137,89.6652162391099,0
31.516748797327512,58.17509338239844,85.89212177115881,323.9782186945424,74.49696227626305,0
33.11722067795548,73.77428330958463,80.31366363087668,446.98516947897883,89.60687836164892,0
32.484891398144654,43.923303231369786,105.23687160916654,406.29098283786107,82.63708083617209,0
37.43946292572677,59.529645480871125,97.90693701641673,357.5890685351985,67.45814653839919,0
30.335324347357794,46.00194658775937,85.37099403609102,398.56391690656494,76.15184937860873,0
35.69889684871316,52.9870370756024,118.31736484227082,359.98841395540455,89.76406918435748,0
37.624586857406904,69.49428309551199,101.18638895782479,419.2163910476612,85.72591823255772,1
38.76765636761749,59.04072517475066,89.67573176451558,386.76878457104885,62.92100681373663,0
33.42081748715908,55.035531405830774,100.0241428461883,332.88110581577575,81.19115990429988,0
38.21257304672013,55.779051142801414,107.18481330940432,323.31661491113937,70.36738757612439,1
31.106317369552073,58.377870736239466,83.04956871894258,409.33913641442604,60.20946785641044,0
38.46452291734518,71.40066175348227,90.98815260191569,480.4826066572207,72.10442907080999,0
31.274886623319823,75.68338755760938,112.27861963535975,368.7915373115371,67.04263265174914,0
33.97287290560367,78.21338746015712,98.38659481610645,446.6000214445246,84.56607811561415,0
37.972953657795536,71.4761354502118,101.86308568129179,431.73227098795337,70.11991826537296,0
31.49917427348774,52.61627582992051,97.31264008837877,486.3109828618962,84.82571081861451,0
32.292513952326416,67.52538824346169,81.7559977057202,464.1962034598282,60.01793816504386,0
37.22252568393066,57.50412496221568,86.62999119280624,413.3210517810926,69.23457450078358,0
37.20036536546074,50.18682488184204,97.82166554967563,431.4060996468215,67.23495642923285,0
36.41147632885297,73.6348631770369,88.36741861631711,479.677293316807,67.00702083205833,0
36.939484444671,41.537053958493,81.99916114638715,379.90375691738694,62.045598592963884,0
35.42724443347596,76.07047968541694,113.74598656207294,365.35894117155544,65.61372811231504,0
32.51799058906953,58.45909858498936,119.24770116656464,302.16221672703927,76.6664870965686,0
33.456959935039194,65.48805907233123,111.72571495986958,465.31021483829284,68.74083218513233,0
31.815977168014257,66.37415688823131,114.15139686818668,460.196140080673,72.52184346987444,0
39.08450561333628,75.80470962826146,89.67908521268181,320.89090362003026,71.30600641041565,0
35.833917947661206,65.46678728668829,118.42507902052799,415.37147622654004,86.27714774999684,0
34.0085141676364,64.55734339040248,87.87702817813714,392.79633963337744,87.15896997031547,0
34.62005803644133,42.6660816224276,118.05719241447329,323.7418191018223,74.7887091496758,0
39.472833396118155,60.73632087780816,119.79277175863804,496.1136454121447,69.90467850946813,0
31.533514031160802,46.00676003268167,108.46891222984195,342.9391774926711,63.204021120070905,0
35.86229832016797,69.49735074885942,119.24574927167288,313.4468360181122,88.60208638146285,0
35.05888678884466,60.488876832506975,102.78159118268414,418.9694759003819,61.806808347008925,0
36.114542354346476,67.20911116833413,90.38167132704362,447.77333542660654,68.92950832704841,0
30.181101838208406,41.66691602409537,97.47983542662483,306.4886892094374,68.94198603510013,0
38.72123908944151,43.39168064183213,103.74243741515144,431.74352774540444,69.61203858420645,0
39.32118282483612,68.65293552250729,82.9232624810806,406.4583751902909,64.92860529817227,0
35.65133183589209,42.883373439946936,104.89373058468985,320.65300177500967,83.49484292771092,0
36.966508238768924,42.85026911061034,119.24711347049178,334.5047753892724,63.67493585897968,0
39.22499381177296,40.4843390093955,87.60430599134911,413.5948594632161,79.04719977459489,0
37.072386343133985,78.2600559319792,111.70380465153534,359.27152270265765,63.715380801174526,0
31.525390429142615,69.50033437836028,116.31595175118477,487.6631457302632,62.1160691277887,0
35.76288360166813,54.13005634008257,117.74806371280883,463.74804589681014,87.2828851105763,0
36.06715046382856,51.86142325150621,118.40542417621789,496.7134413027326,65.70386298956117,0
34.24130671302386,53.988129189833984,100.85838554885888,351.9341677900828,84.63750463679114,0
37.36444235624723,70.98614124724728,119.09231631966014,493.94472655959544,76.33892613321407,0
39.34367014769015,66.45482444281657,110.29240828537755,386.24677395831156,62.335695588263086,0
39.255685129067764,47.40782271469872,86.46685744947848,369.50375906275093,88.66344574314202,0
34.50839371404132,46.964373413363376,99.0760042587188,310.06990539387067,67.40883500975677,0
31.132380458407553,43.935825988535896,108.73324701488016,310.55305157192055,85.7893603605782,0
39.848411989623344,66.41210878805353,89.89361263276334,438.40225118933097,65.06430017353692,0
38.38898086445934,70.57490648886943,105.6246073419555,391.5857988868056,85.61828646425559,1
31.24662681203267,50.60185713300016,106.66401916186477,345.30432520722115,60.39686438715882,0
39.20841882617373,40.837798441236515,86.50798975234264,422.79406126504654,75.35341369708442,0
38.698963620621285,43.28686669905709,102.60341249811026,350.5716236500222,83.0832773826467,0
35.18838057126072,78.71440139380121,110.8650764391443,415.5263508688845,88.0438655247835,1
35.912754357449295,51.81779109909681,99.95582658143768,371.84174939653803,87.27606408619461,1
33.9900270387013,70.76892591352535,80.4841246710443,464.7104453223638,84.58874608642935,0
30.547616388220312,64.98654275417056,80.3615387631717,464.13923215335586,86.64574048983913,0
33.351972416459006,55.27758558611583,94.28117375880049,395.47007962448026,65.9765905751123,0
38.02853448598012,48.22749048782221,117.04776273727128,370.1638218670031,68.52552887135187,0
30.046320230046028,44.85545672637626,89.14707118414435,372.51195931181894,68.66905574763176,0
33.33499171691144,64.60051872155466,105.37454755486749,461.1429051336436,71.31161793005097,0
33.98168693590944,70.98535122551152,88.88303482773283,365.6358965595224,71.79962011155567,0
35.37395602937923,65.75617014164523,92.86679958638194,341.8118747413692,76.33665973964027,1
39.19855616412761,61.21208532996633,113.92168358405937,316.9376683750614,64.79639290099324,0
33.463459943659615,41.67804893726545,109.15445769079787,393.3386241768817,80.73739991357968,0
33.469532018962276,78.73955110377536,83.81597109252843,396.42641978396836,65.0269961791352,0
37.375012481097485,71.94856766618298,97.14808083945735,468.18174208058144,69.30925446313643,0
34.52217940889807,51.71288146803859,81.16679054581058,344.2477392892128,75.10035391818462,0
32.24604822939982,79.19881317435403,99.23560586412036,376.19825473367996,83.89321684570432,0
34.524395161326936,64.07526358545289,106.49736046804273,461.6811477787382,82.18407699716181,0
31.408570203798,63.29690632828986,84.74010494392606,464.72472214979473,79.36603069231566,0
31.763869865062233,69.9229271771813,91.55539755636663,376.92221519575367,64.67319781740511,0
34.9836777273948,72.4707915236055,95.91346502008628,391.8248046573362,76.41136036846733,0
34.18925449504548,66.2591442932601,116.78124098624198,360.6571781698566,62.62339505399656,0
39.148459010681,45.123829854648,119.73020061691855,486.5109756838624,71.32089530389952,0
33.623938991166334,53.53070023977993,81.79645195982464,323.72875314831606,72.40549590869878,0
35.80588350278043,77.12334561304199,110.44031693981569,486.74988460029397,61.19434318337262,0
36.3226428791953,48.98462447375408,94.86896265609373,436.7732903670686,68.21964298409915,0
30.130944565883336,54.88668095350053,95.6983274491792,406.31443053734625,88.66948401799468,0
36.63537372016711,57.28307531776784,110.17059893388091,306.53181215689915,88.60897823489069,0
31.780359668697514,57.57619958777809,116.73705728581635,395.11923836440167,70.56981162757617,0
39.61070317469455,64.51758329978102,118.03714378010193,381.54962100054644,61.29300326844972,0
31.48662727753113,77.72303350978831,103.08490344153283,332.24376239502453,65.37284817984545,0
34.14624123727024,49.6277084733002,94.28484637202011,431.2819207001314,71.76653380300621,0
30.85349668078644,44.86005505203672,111.50196343435117,494.2301814736571,88.4333909390769,0
39.96874251845947,47.898819594397494,90.04005533049201,412.437762212905,64.23597190611555,0
35.02195010331243,75.47699600837078,102.56296115334071,442.95065528878916,82.90547531004637,1
35.953850173200436,65.83243250620825,94.34313846099492,313.69009051320336,63.26047618124076,0
30.670764773884276,51.4362715695664,106.26524294831505,383.53339916339894,89.43772732173831,0
37.49960470399178,72.63787755874469,89.61595651574028,323.27169703289917,71.44849497327405,0
32.099055930955856,74.45479985453744,87.66371782939304,422.5591671073021,83.25703616697169,0
38.98054289440714,73.86057354761112,116.72956346701748,487.69643164283093,70.27773248433395,0
32.051396404820075,76.75706134558217,84.07214731798148,432.3555464943277,78.83006631476425,0
31.906877206636665,50.08964080693446,100.23831630939726,315.3606096628843,65.7604825422011,0
30.365496678480948,70.20167714985114,88.83411131852036,370.9332409970166,64.38063057890888,0
34.720669451099994,58.4215798909656,81.55719853302669,410.1326758881703,88.14192418704394,0
35.64841133262617,73.67994211560246,81.44075273165706,380.64155122665045,87.529418337133,0
30.657086394283525,69.13962708646453,87.00887088423309,466.72880209503444,86.62406820638647,0
37.755276166950104,71.05789785998898,114.67081418024,462.9342009419978,78.76300350499781,0
34.532888347480274,66.24647350724285,91.29914975908106,422.3662040206443,84.24804633648834,0
35.2439026932758,47.097150778788276,118.01836682301183,374.69158902654107,62.071108107341246,0
34.407627469382284,61.80107675587753,103.26489171956774,351.0672747526488,70.04367125672037,0
34.00763060875326,79.38678958098032,97.46456759075065,321.17486364262584,69.41109374271468,0
35.59640331308218,77.49552265988476,103.20355338677818,370.9795366973108,79.0693596585784,1
31.552402459307125,41.72694943188047,100.66793540905071,382.63450344154387,70.67873320411921,0
31.81928130495271,46.59259262917749,110.351050150293,435.1645850208147,64.45520344931043,0
38.61785621013517,45.26915093818248,91.29984263891409,431.6319648595147,77.8940122624063,0
39.46115462133633,69.03919639941182,94.1220156640121,314.0216279282514,84.43151762007244,1
33.73309316279753,72.71141319427781,115.76377210133003,379.05186308623155,71.4637048337992,0
32.70744673143554,48.540454652426874,117.85826052601621,336.3557734434724,63.96806145295445,0
36.439995432390155,60.23410771807316,115.70232909945898,331.36254106336116,65.90064591938469,0
34.087341710980965,73.628121120448,96.77791975829254,465.46042994744914,67.12449915508152,0
30.25386355660345,69.31206179065002,111.21462012027527,308.38304334325153,68.99692778983609,0
31.561525973661904,61.68948821967393,99.05342933204395,383.83657518042423,79.28385211518928,0
37.15972228847397,63.613907618350915,99.9015940858441,333.64073115330365,78.02836453613156,1
36.58923941910152,60.3344218766512,88.18720436229135,475.8660431356948,80.88239584701117,0
30.270959925034834,51.901938052752826,103.64521213034067,411.40810265500704,70.8750595359454,0
32.21972161932949,62.600879714360644,87.44543591013392,346.2761272753696,84.71992955639935,0
32.310747965880715,67.55541208200363,93.26258796268775,400.4854574332753,66.12262983467281,0
36.71892743598728,74.9329166344323,114.20120806479741,446.2972719406232,74.07122242554462,0
30.197105377543643,65.45165415916992,88.2830323684342,491.6236017838868,84.0281616462429,0
31.041085819845737,70.44486148172632,82.84633140693731,344.0892008490838,65.40475943197858,0
37.999160853731894,46.40286539818292,82.76030370451265,477.236354425869,63.29589341222349,0
31.785446620543336,58.462298976791594,117.63138082012432,486.86082283349805,86.5105190306397,0
36.52746107851875,40.373264793083735,100.2768175184734,483.2841089064133,70.28788988277587,0
32.381827810467264,49.86715458086492,96.37648287268073,427.082871372382,80.51610374727096,0
30.994413927593452,69.05846860452019,112.43514324031673,425.9641308869415,60.760458127918156,0
32.43172190999454,79.67239805397455,113.43303711642065,380.64212663676454,80.70140665228348,0
37.22266931855659,43.967123983488634,93.28764132462419,450.4795764607576,69.48303934640911,0
38.55696468106286,56.059772634451534,107.74472229895181,406.25880367018635,61.672225607623254,0
38.30219864566992,72.00283874796638,110.84491263407546,435.4876142456589,78.29438284644351,1
33.97183529618455,48.16142538515595,106.18602747463818,385.69158076975907,67.2241144821952,0
36.68085136570646,62.20339797209145,86.06380299200397,446.2992928086278,71.6042172615564,0
32.04984295415821,69.32285184118699,115.03532334068228,464.89430352090983,62.417424368595405,0
32.93147730261013,64.63941801040716,101.56378210944035,329.2872513205632,64.41489753284836,0
38.9633581852112,47.52098938461665,91.29889705480015,466.5859431148456,68.93931706487531,0
30.130019235107362,54.21538274742957,97.00912741750776,408.05930635806146,62.69278501680471,0
30.85508530854468,71.35167137941589,81.5028436159563,468.9331818180449,87.32478794058946,0
32.078862551460276,62.16906056528067,85.11467204889671,386.2603412682029,60.181411295519354,0
30.265322038738198,40.20918454171651,110.62187002063443,375.808097076607,74.51580656592934,0
31.814354350897972,70.43963040112375,80.00046539021464,483.01214650344446,63.69742374397654,0
35.83041560969692,41.41245419760956,96.66263313929169,350.2338535096803,69.23037268433845,0
34.21424550592498,69.82935130924929,100.90040724342353,468.84246505722865,87.78178679454797,0
38.92671711076975,48.0992224066095,82.1853768000389,396.8041145018808,64.8508365982196,0
38.17443561738441,78.32293920477521,118.92312651889331,402.81908851025196,88.97496959154998,1
33.41817351697876,54.71763005208338,89.04501324998688,361.6936562978968,66.17383130968265,0
32.59423433431292,53.077264653523166,92.16794878545123,414.6084401238031,82.24698325400489,0
33.79692408167267,45.95552201329779,92.1577004902011,365.0422392552423,76.40031794691936,0
35.90294942514808,52.22416861960859,89.216666484694,307.85388284833044,86.53436182790277,0
32.680636408228764,75.06603047312802,80.05895288345246,354.3997210688712,76.61979766509393,0
36.24148907849134,79.85337350508989,109.17379176351986,301.27580868131815,76.03677657468926,1
34.094116521912404,54.732381220273936,118.67381999197141,495.6709574113713,65.863740011052,0
35.5204718085198,57.9444252381817,88.9717393314018,493.14944196394947,64.98688086154976,0
34.36126529135316,68.88283752810949,106.5218876721369,379.03105949446103,87.49467453346543,0
32.94465759541917,75.44783121860297,109.67585307834861,445.6741708679292,69.83514596550103,0
39.48453306962156,63.721773367471364,113.937015163621,369.161219682085,71.16246764888687,1
37.636057941597606,55.661027927113174,96.90516788054437,434.2186314171952,82.79470975285165,0
31.401131757664526,56.50487363394495,92.11723622561718,461.0860086091958,70.16470447268422,0
38.68467975897913,67.82472585987227,93.01180536092124,489.3512489384482,88.56187339917008,0
34.874311982495136,40.12873054417115,108.50485332394051,380.0424551699344,82.13783306996402,0
38.94552226894091,64.78357349839362,112.67117866022545,456.65959659120955,77.9228772772026,0
37.998552559473154,54.219720417654294,87.26455871026411,353.18569012642376,86.42685481634257,0
34.25213504469234,71.76789325108336,94.8376403263106,498.0664607587297,61.48817725048448,0
30.224693083201174,43.71962559292528,116.077607869966,305.15391975287025,67.71188076567626,0
32.68677359384946,63.52809067793562,112.26774078778956,420.7057613002242,73.9510900266273,0
35.41634214660867,59.23891559544495,119.39433611049904,431.9011963302654,66.80935618414563,0
36.33478219826147,65.6930210362091,110.16993038728323,437.60911141482575,82.31715561906455,1
32.57887685433202,42.594143779318735,95.72780804111689,324.0775157578178,87.57624093161175,0
31.39356074072824,63.19935149712525,103.62551335978551,487.7059566946261,72.7131035979277,0
38.34930236799299,62.459383518380946,106.44057016989281,336.23665581001654,70.26397800335685,1
39.84402180703552,62.426403776646836,83.13823265268496,424.5506806479682,88.84652196412699,0
35.25690182302686,64.13950666385819,101.7798783641546,344.535215824617,73.34557298482622,1
31.716792858483036,67.05871748905449,108.37283313890438,361.4432834042542,74.6714520134785,0
32.72307326519369,72.1995599872308,86.69285216004242,409.2917083456249,70.54949617025716,0
30.183906765474667,50.79282880512857,111.22526869702229,383.4386837129153,87.28645419036415,0
39.14298806560499,73.00197640720248,103.35091122056447,332.04512019530125,77.06866449845552,1
31.17751082890141,59.93022729053814,118.08887142790378,334.18728048416966,82.86523761544933,0
35.765164755142536,43.08233116537325,81.69689192827566,383.62895763255995,84.3542015505266,0
32.74055220687206,42.342037169759166,90.61304550221868,451.45659565510016,70.25547125751774,0
35.541780025157934,53.36953274784243,104.06215517199297,479.59292936955774,73.0108299396114,0
36.51420388351864,71.3958790844587,91.86239648823722,316.8255324518766,85.45415323218793,1
38.29741803707202,68.30723738963663,108.57696656284969,378.6207815118802,70.89766055027431,1
32.06421271760603,71.54459858689626,110.36021130087724,320.0491127445753,83.81805400355555,0
30.109958286584806,60.690762257664375,84.10063856265897,303.31849612651956,88.22976967723311,0
31.368856300688073,57.60795991821962,100.55417856827071,432.3437365287913,78.69631119204021,0
39.00018641848105,45.89810106825136,100.35562222364223,420.48988839331753,82.24881862355667,0
38.738900775625154,53.12771014437246,94.77123080862164,332.60382276297725,84.15291936123404,1
35.97413102170308,57.36077464695501,117.31699450278688,346.7625666186128,85.35118946689927,1
36.00516860433653,43.54401718718469,113.10025279492885,304.7415507289037,71.85160013570388,0
36.650366745462556,48.824478108448446,107.88837527638547,466.98944113888075,61.53790377527994,0
31.753712786234495,63.92901176254955,108.5730654293999,494.9381192097103,72.05628813710219,0
39.144119459249595,69.42652456956759,98.46864575252476,327.09190735893816,80.21268689352269,0
34.18770524892073,79.93390045571799,116.83978084386302,346.29504275305965,73.51051157342378,0
33.83138528249498,77.32453325374232,107.78381709013141,473.6819047893868,82.46889452581196,0
35.18917705282838,65.70260798140765,109.15924246623266,485.292759591237,70.70947288405992,0
30.469659667750552,56.84992213176288,114.4676361514938,383.9254765613621,79.0423242331209,0
31.662833687560795,65.4470945883293,90.96286357368764,310.1244944538148,65.59259414561924,0
37.3803361642637,71.42606472320928,112.28283615466812,307.8783667385639,82.48108309934871,1
30.827986679251264,44.733447636935495,87.80962411825968,414.7899732138021,76.37087906439078,0
36.03152109466388,56.39619558785153,93.81367808979552,378.5790217786358,66.12193165639802,0
32.45349109681321,73.59209142542468,93.4244181707937,305.7304855155309,68.75733520493422,0
33.89295614041976,55.35331807732176,119.14101873556562,416.6504784625114,82.45826125745498,0
32.886937367707,62.874890849087464,114.26148894991707,302.26050731780447,74.47803706984563,0
33.556727164649494,63.51077443448793,108.04679446361038,457.4743916298546,66.48094321179217,0
37.19045905184245,47.37905012534557,109.0822704646156,361.2865645406743,89.01813571110893,0
32.97121715623175,54.48941766609153,102.48291177610284,308.0516006018464,81.45375059450663,0
35.66404640296897,53.38045154967729,117.88362668434075,417.6704441966307,88.71404497619389,0
34.760504021991,41.047868341282594,99.85035011529446,379.53688288661095,72.8131513608103,0
36.63671165362648,40.96767055565421,95.22070839479578,494.7600826714299,74.25301022075162,0
39.36829739324758,73.26788174703094,86.52141347726364,408.8397325007404,86.93865648555058,0
37.3257209721025,50.9228323989125,111.44822609044232,355.04783620740164,75.75148020736154,1
32.149403785907566,60.72315064955262,109.37775728302366,441.8877729267949,81.21836735717001,0
30.311831350612845,51.94902294355092,95.3742015409654,354.2984005085423,67.5651863248659,0
32.622640442998254,77.62716980461363,81.00773655836917,480.84865828151305,73.40179406107922,0
35.95077930700255,50.37187035463095,113.55989310872043,374.94439410147527,63.703495974310655,0
30.514258134842503,57.186272509557405,80.45671933816294,409.97371255524104,66.17940107630885,0
34.963662472012366,74.90921001938408,108.14799118516204,310.11462076484577,60.02830245802893,0
35.96842848916889,73.67734267167235,118.81028438904228,385.22424759044617,61.177951549459806,0
33.34243890816961,47.44405671385109,97.50645312592815,466.472707932199,89.31851469530788,0
37.70912203745822,72.10573239182841,89.39893619983812,461.1297610726684,67.27061085410287,0
31.065982531337717,58.327475469515704,108.19484040173526,344.86371177070527,79.89932128512007,0
30.751377817358087,59.31875488341421,112.6851256806234,345.21581420211254,85.17299096398835,0
37.28188756203603,45.339198896637754,101.8572126431139,463.46106244264735,76.51981377709693,0
34.954913162061985,43.22406055028499,118.68141101024585,486.0796840338651,64.59433500251869,0
36.88402396427736,69.1175722789506,82.06674886631845,319.0721842546007,81.84349312008499,0
34.34827338603746,59.85844609421199,100.19182393218112,390.011727885245,78.00754230298749,0
32.464020332391065,57.474028104607186,108.738157892902,367.49085579284576,81.93751768042125,0
38.19102317674199,69.18032914609587,114.50561884596715,474.1376910914879,83.09239868571262,0
37.99415878968979,70.6205159596444,87.1702244763116,316.7049829360038,89.26231103054235,0
36.94696470854427,46.35632670677414,112.00013927054727,342.2251885116075,77.2068984008013,0
32.721451372299626,64.40900597910564,102.10828302874181,450.49366751729883,70.24923338071805,0
35.90230666869087,45.41416329110742,95.86214727959853,310.25876979624314,79.45393670700712,0
33.60973896940027,70.05500344116183,85.26860114316375,398.50707614285784,62.05322127727878,0
30.91582073326634,66.27820625068559,114.6118303563565,388.421406935944,86.92191954964758,0
39.17313575462243,78.26458484333833,86.29092832718861,366.8802357977497,63.5814303401459,0
31.368186309189614,42.75832065425685,92.39151436836397,378.91446306378475,69.83528513657456,0
39.502373538208026,42.282188846050175,91.60182127849748,405.9881173860466,84.47236141878363,0
34.46005772957956,51.287482987728005,114.85656136763417,332.27347167767664,77.91937134992136,0
